[
	{
		"title":"Video on Exercise See More FavoriteToys",
		"activityType":"video",
		"videoURL":"17. Exercise: See More FavoriteToys.mp4"
	},
	{
	"title":"Exercise See More FavoriteToys",
	"activityType": "assignment",
	"quizDescription": [
		{
			"text": "Exercise:"
		},
		{
			"attachment": ["Exercise-AddScrolling.zip"]
		},
		{
				"image": {
					"imageSRC": "image-2.png",
					"imageName": ""
				}
		}
	],
	"questions": [{
		"questionType": "fillintheblank",
		"questionText": [{
				"text": "Please Submit the git link here"
			}
		]
	}]
	}
]


