[
	{
		"title":"Video on Exercise Add Polish",
		"activityType":"video",
		"videoURL":"18. Exercise: Add Polish.mp4"
	},
	{
	"title":"Exercise Add Polish",
	"activityType": "assignment",
	"quizDescription": [
		{
			"text": "Now it's your turn! Follow the TODOS. But it will crash when you run it."
		},
		{
			"text": "Exercise:"
		},
		{
			"attachment": ["Exercise-AddPolish.zip"]
		},
		{
				"image": {
					"imageSRC": "image-11.png",
					"imageName": ""
				}
		}
	],
	"questions": [{
		"questionType": "fillintheblank",
		"questionText": [{
				"text": "Please Submit the git link here"
			}
		]
	}]
	}
]


