[
	{
		"title":"Video on Exercise Menus",
		"activityType":"video",
		"videoURL":"23. Exercise: Menus.mp4"
	},
	{
	"title":"Exercise Menus",
	"activityType": "assignment",
	"quizDescription": [
		{
			"text": "Add a menu to Sunshine"
		},
		{
			"text": "Exercise:"
		},
		{
			"attachment": ["Exercise-Menus.zip"]
		},
		{
				"image": {
					"imageSRC": "image-13.png",
					"imageName": ""
				}
		}
	],
	"questions": [{
		"questionType": "fillintheblank",
		"questionText": [{
				"text": "Please Submit the git link here"
			}
		]
	}]
	}
]


