[
	{
		"title":"Video on Exercise Build our URL",
		"activityType":"video",
		"videoURL":"8. Exercise: Build our URL.mp4"
	},
	{
	"title":"Exercise Build our URL",
	"activityType": "assignment",
	"quizDescription": [
		{
			"text": "Build the Url that will be used to query Github and display it when the Search button is pressed."
		},
		{
			"text": "Exercise:"
		},
		{
			"attachment": ["Exercise-DisplayUrl.zip"]
		},
		{
				"image": {
					"imageSRC": "image-8.png",
					"imageName": ""
				}
		}
	],
	"questions": [{
		"questionType": "fillintheblank",
		"questionText": [{
				"text": "Please Submit the git link here"
			}
		]
	}]
	}
]


