[
	{
	"title":"Sunshines New Layout",
	"activityType": "assignment",
	"quizDescription": [
		{
			"text": "In this exercise, you will get to use the constraint layout to transform our simple text-based interface to a much prettier looking interface for the forecast screen."
		},
		{
				"image": {
					"imageSRC": "image-30.png",
					"imageName": ""
				}
		},
		{
			"text": "<br>Now it's your turn to apply what you've learned on Sunshine. Follow the TODOs in the code and make Sunshine look pretty :)"
		},
		{
			"text": "<br><br>Exercise:"
		},
		{
			"attachment": ["S01-Exercise-NewListItemLayout.zip"]
		},
		{
				"image": {
					"imageSRC": "image-31.png",
					"imageName": ""
				}
		}
	],
	"questions": [{
		"questionType": "fillintheblank",
		"questionText": [{
				"text": "Please Submit the git link here"
			}
		]
	}]
	}
]


