[
	{
		"title":"Video on Exercise Add an IntentService",
		"activityType":"video",
		"videoURL":"13. Exercise: Add an IntentService.mp4"
	},
	{
	"title":"Add an IntentService",
	"activityType": "assignment",
	"quizDescription": [
		{
			"text": "In this exercise, you'll add the ability to increment the water count, using a Service."
		},
		{
			"text": "Exercise:"
		},
		{
			"attachment": ["Exercise-IntentServices.zip"]
		},
		{
				"image": {
					"imageSRC": "image-3.png",
					"imageName": ""
				}
		}
	],
	"questions": [{
		"questionType": "fillintheblank",
		"questionText": [{
				"text": "Please Submit the git link here"
			}
		]
	}]
	}
]


