[
	{
	"title":"Add an AsyncTaskLoader",
	"activityType": "assignment",
	"quizDescription": [
		{
			"text": "Let's use an AsyncTaskLoader instead of AsyncTask in our GitHub query application! Follow the TODOs in the exercise code."
		},
		{
			"text": "<br><br>Exercise:"
		},
		{
			"attachment": ["Exercise-AddAsyncTaskLoader.zip"]
		},
		{
			"text": "Complete these TODOs."
		},
		{
				"image": {
					"imageSRC": "image-7.png",
					"imageName": ""
				}
		}
	],
	"questions": [{
		"questionType": "fillintheblank",
		"questionText": [{
				"text": "Please Submit the git link here"
			}
		]
	}]
	}
]


