[
	{
	"title":"AsyncTaskLoader in Sunshine",
	"activityType": "assignment",
	"quizDescription": [
		{
			"text": "In this Exercise, you'll update Sunshine to use an AsyncTaskLoader instead of FetchWeatherTask."
		},
		{
			"text": "<br><br>Exercise:"
		},
		{
			"attachment": ["S-Exercise-AsyncTaskLoader.zip"]
		},
		{
			"text": "Complete these TODOs."
		},
		{
				"image": {
					"imageSRC": "image-9.png",
					"imageName": ""
				}
		}
	],
	"questions": [{
		"questionType": "fillintheblank",
		"questionText": [{
				"text": "Please Submit the git link here"
			}
		]
	}]
	}
]


