[
	{
	"title":"Caching with Loaders",
	"activityType": "assignment",
	"quizDescription": [
		{
			"text": "Let's cache our Loader result, preventing queries just because the user navigated away from the app. Follow the TODOs in the following exercise."
		},
		{
			"text": "<br><br>Exercise:"
		},
		{
			"attachment": ["Exercise-PolishAsyncTask.zip"]
		},
		{
			"text": "Complete these TODOs."
		},
		{
				"image": {
					"imageSRC": "image-8.png",
					"imageName": ""
				}
		}
	],
	"questions": [{
		"questionType": "fillintheblank",
		"questionText": [{
				"text": "Please Submit the git link here"
			}
		]
	}]
	}
]


