[
	{
	"title":"Reading from SharedPreferences",
	"activityType": "assignment",
	"quizDescription": [
		{
			"text": "In this exercise, you will get to read values from SharedPreferences."
		},
		{
			"text": "<br><br>Exercise:"
		},
		{
			"attachment": ["03-Exercise-ReadingFromSharedPreferences.zip"]
		},
		{
			"text": "Now it's your turn to read the value of the CheckBox from them SharedPreference and update the UI view based on that value."
		},
		{
				"image": {
					"imageSRC": "image-12.png",
					"imageName": ""
				}
		}
	],
	"questions": [{
		"questionType": "fillintheblank",
		"questionText": [{
				"text": "Please Submit the git link here"
			}
		]
	}]
	}
]


