[
	{
	"title":"Click Handling",
	"activityType": "assignment",
	"quizDescription": [
		{
			"text": "In this Exercise, you will get to handle clicks on recyclerview items."
		},
		{
			"text": "<br><br>Exercise:"
		},
		{
			"attachment": ["Exercise-RecyclerViewClickHandling-1.zip"]
		},
		{
			"text": "Complete these TODOs."
		},
		{
				"image": {
					"imageSRC": "image-5.png",
					"imageName": ""
				}
		}
	],
	"questions": [{
		"questionType": "fillintheblank",
		"questionText": [{
				"text": "Please Submit the git link here"
			}
		]
	}]
	}
]


