[
	{
	"title":"Click Handling-2",
	"activityType": "assignment",
	"quizDescription": [
		{
			"text": "In this Exercise, you will get to apply what you've learned on Sunshine to handle clicks on recyclerview items."
		},
		{
			"text": "<br><br>Exercise:"
		},
		{
			"attachment": ["Exercise-RecyclerViewClickHandling-2.zip"]
		},
		{
			"text": "Complete these TODOs."
		},
		{
				"image": {
					"imageSRC": "image-7.png",
					"imageName": ""
				}
		}
	],
	"questions": [{
		"questionType": "fillintheblank",
		"questionText": [{
				"text": "Please Submit the git link here"
			}
		]
	}]
	}
]


